{"cameraMode":{"drawMode":0,"name":"Shaded","section":"Shading Mode"},"sceneLighting":false,"audioPlay":false,"sceneViewState":{"showFog":true,"showMaterialUpdate":false,"showSkybox":false,"showFlares":true,"showImageEffects":true,"showParticleSystems":true},"in2DMode":false,"pivot":{"x":0.08371064066886902,"y":0.47887417674064639,"z":0.6864278316497803},"rotation":{"x":-0.12595468759536744,"y":0.37992963194847109,"z":-0.05230476334691048,"w":-0.9149064421653748},"size":0.5442600250244141,"orthographic":false}